,2,2.5,3,3.5,4,4.5,5,5.5,6,6.5,7,7.5,8,8.5,9,9.5,10,10.5,11,11.5,12,12.5,13,13.5,14,14.5,15,15.5,16,16.5,17,17.5,18,18.5,19,19.5,20
abr-61/sep-61,0,0,0,0,0,0,0,0,0,4.033395314,73.60535567,321.6487567,639.2693318,989.1929072,1534.304278,2129.674744,2895.70149,3755.665972,5819.806746,7598.397696,9968.218996,9246.492263,11298.71583,11681.64833,15124.06626,13415.47529,10007.57584,4441.278109,1560.218825,266.2020514,28.2223358,4.028729195,0,0,0,0,0
oct-61/mar-62,0,0,0,0,0,0,1.005509926,8.044079411,20.11244544,97.54567363,168.962385,299.7443488,610.6572754,834.0642473,1113.845415,1274.880414,1404.747163,1562.694452,1918.856511,2220.780875,3497.714629,5507.244404,9965.806121,15516.59779,27621.0879,31501.28312,25107.2925,11882.18367,3894.926104,694.2472937,92.56194589,13.07579589,0,0,0,0,0
abr-62/sep-62,0,0,0,0,0,0,0,0,0,0,3.021932296,13.10262808,96.76396231,734.7685018,2986.517119,5545.676736,7507.366502,8821.907611,10896.98401,10551.55663,11234.42589,8974.401269,10786.87093,12316.41362,20051.22012,21821.6524,19510.7753,9472.683039,3458.66017,718.7963408,69.55893869,2.015941483,0,0,0,0,0
oct-62/mar-63,0,0,0,0,0,0,0,0,0,4.030697739,78.64163538,388.2307355,1256.508729,2578.502719,2706.25232,2656.044431,2537.618361,2835.759578,2583.494203,2547.504157,5184.028024,10554.53002,18546.94866,23060.99348,30848.72303,29212.5668,28124.45362,18429.87676,9702.871987,2661.191805,426.940999,28.66637137,2.012589447,0,0,0,0
abr-63/sep-63,0,0,0,0,0,0,0,0,3.047455688,15.99914236,84.02612906,238.3914158,522.1981623,1220.224459,2758.598873,5218.629554,7633.098097,9672.043785,11179.5484,10476.38964,10063.07388,8136.218626,9781.039759,13401.49335,21053.4327,20064.49593,14563.23516,6882.5042,2869.686198,687.6326929,123.3284283,16.18220927,0,0,0,0,0
oct-63/mar-64,0,0,0,0,0,0,0,42.33796358,315.524937,918.3327083,2454.589812,4581.442984,8015.205279,13967.54762,20535.6481,25645.39834,27764.52567,24887.27697,23575.2847,20051.83002,20517.05353,22628.40771,29154.09562,33499.41568,35950.15681,26550.45324,15172.2502,5133.080948,1648.355443,252.9218419,54.37068343,2.01472451,0,0,0,0,0
abr-64/sep-64,0,0,0,0,0,0,0,0,0,12.09381932,105.785039,288.0358393,634.4208263,1324.350875,2127.644044,3790.146115,7046.036827,11505.70278,17559.97658,19629.67674,22207.92388,22791.94819,22740.65544,19687.17675,18543.16015,13816.8369,8597.681131,3096.005865,1017.433336,146.8778164,13.07926237,0,0,0,0,0,0
oct-64/mar-65,0,0,0,0,0,0,0,6.03328403,46.58870783,396.2393463,1125.656862,3007.72897,5832.253425,8460.548961,11372.47383,13852.08353,13666.15765,13321.51404,13111.38204,10745.3721,7741.748704,7336.594375,9516.571966,19790.10456,36216.14271,51564.12116,48452.88578,26967.68445,9692.947431,1595.523396,239.9763608,4.691658201,0,0,0,0,0
abr-65/sep-65,0,0,0,0,0,0,0,0,28.14057606,65.3253253,256.2959903,618.1089533,989.0558648,1727.884593,3375.579119,5575.995392,7369.120855,10433.71318,12451.82036,13390.78935,13123.74331,12144.07908,10153.94481,8598.562421,10251.6093,13582.33754,12565.10413,7519.318822,2750.109979,507.5946701,35.17689061,7.038579262,0,0,0,0,0
oct-65/mar-66,0,0,0,0,0,0,11.87149794,80.74214288,281.3024876,1698.572283,7182.988328,18416.40494,32558.56658,47309.80263,54695.65277,55668.5143,45762.95848,38366.21761,30739.78369,24709.56596,22569.61175,26662.41809,32417.17107,38544.57368,34269.06771,21651.30435,9618.034181,3728.49051,1455.911081,236.3230568,44.98726812,11.91723861,3.015656987,0,0,0,0
abr-66/sep-66,0,0,0,0,0,0,0,0,3.022017619,18.3154296,176.9259947,766.5467001,2114.638944,3884.187726,6011.299006,8339.15331,10316.87139,11720.73991,14106.74816,17354.79282,18105.58742,18667.16664,15421.98599,14098.49278,12801.04559,11203.39094,7583.407992,3482.207773,1044.609694,168.195295,10.09543515,3.036694586,0,0,0,0,0
oct-66/mar-67,0,0,0,0,0,0,0,0,18.36087963,164.6633702,1076.865087,4730.771987,11613.11528,19939.51588,22997.34533,27040.23957,27986.12992,25017.24338,18580.347,10760.54545,6498.887951,4041.933791,4163.668638,6159.619072,12825.83787,22923.96414,36768.53033,39931.19385,24463.58765,6619.278622,1052.508296,67.8278772,8.060679197,0,0,0,0
abr-67/sep-67,0,0,0,0,0,0,0,0,0,5.043369743,314.6354838,1912.979515,6807.856161,11189.06313,15330.60467,19777.31932,25691.49199,26912.32004,27688.01531,24011.56441,21366.40508,19279.26096,14181.65644,9236.826323,5647.269734,4202.671364,3981.468208,5327.046794,5794.851908,2422.748201,674.2310048,82.60712432,8.064063447,0,0,0,0
oct-67/mar-68,0,0,0,0,0,0,0,0,14.05942212,318.379533,1279.499034,3338.95588,9242.078816,18706.80374,26576.18104,31221.21771,27465.48674,21659.87468,15270.77724,11167.09462,6416.416575,7560.652895,18672.4858,30586.13319,38673.41649,56968.99438,54875.60743,37073.90993,14338.61334,3640.734027,1056.490268,291.2377946,30.13107965,0,0,0,0
abr-68/sep-68,0,0,0,0,0,0,0,1.994527655,34.05433438,87.0917682,240.0941745,691.4889856,1295.345867,2325.854632,3348.5491,5769.672873,7530.16199,10743.47696,12893.91108,13594.09044,14425.05775,17657.69921,16056.44516,16789.64271,15374.3977,17237.80697,14946.64973,14608.02291,9778.544599,5251.93836,1645.882923,298.5388464,36.07611218,2.004995155,0,0,0
oct-68/mar-69,0,0,0,0,0,0,4.009969931,33.14203171,925.8903141,5862.12017,12005.41604,17869.24773,22467.02947,38096.83808,46492.64232,55060.60762,42772.73171,38627.10359,29218.09786,24547.84627,16709.38956,15932.22064,11250.49588,12799.55314,16646.1652,27943.75719,32093.94232,31819.46111,17489.43496,10037.33994,3996.597232,1090.411541,153.3487996,20.0409696,3.007535599,0,0
abr-69/sep-69,0,0,0,0,0,0,0,0,11.78197845,123.2678919,242.5109698,1254.385074,1955.21896,3589.974961,3413.649194,6689.805108,6497.384638,9207.111577,11239.28941,15678.24596,17642.10568,25226.02316,21477.16737,21205.5227,12484.10476,8858.264468,4047.718424,2547.856483,1884.178122,1582.225308,801.8484694,362.1530061,95.0755427,9.538171473,0,0,0
oct-69/mar-70,0,0,0,0,0,0,0,8.053407144,101.6349905,635.0033107,3080.330957,11923.32336,29332.81561,53449.49851,69483.5746,95969.32639,95639.24284,96257.2713,72074.08063,54426.85857,36618.82907,33438.8257,23603.78049,19592.97011,13721.32403,15413.25569,14543.12264,11116.12324,5483.339684,1804.239245,403.0272669,51.79610009,7.033181216,0,0,0,0
abr-70/sep-70,0,0,0,0,0,0,0,0,0,19.06173948,187.6782126,1307.91959,3973.060704,7884.926351,10776.55518,14144.97024,15466.36916,20148.90803,21362.07042,22725.69872,21209.79372,25516.23834,22264.05278,22816.172,17299.34558,15075.21137,12134.84043,12370.69702,9150.187625,5264.681158,1717.638093,428.3388437,85.27114894,0,0,0,0
oct-70/mar-71,0,0,0,0,0,0,0,0,0,164.6497439,314.2302929,768.011528,2621.211676,6095.677326,7616.502402,10691.20595,12461.85597,17289.16383,21674.76401,26518.15097,23635.11015,24409.85717,22461.74782,22581.84264,20378.7207,20888.00413,21997.57339,23684.93326,19203.03419,12390.19691,5630.038918,1818.342238,285.0219749,23.07813877,0,0,0
abr-71/sep-71,0,0,0,0,0,0,0,0,0,12.05647443,73.34355279,117.5506257,407.9107182,1008.644696,2380.048432,6053.662732,8871.753811,16364.26482,23211.69891,33748.79199,35542.43935,37603.2863,29654.25531,25103.84645,17337.67699,12438.05544,6529.258395,2688.161189,1367.782144,1408.842787,1564.660545,757.5661741,253.805533,2.009570662,0,0,0
oct-71/mar-72,0,0,0,0,0,0,0,0,0,72.93824342,36.46912171,31.40396592,88.13371079,31.40396592,21.27365433,60.78186951,443.7076475,1572.134614,2504.768361,2122.746846,2003.237541,2298.421395,4189.680248,9340.87168,16967.16283,29917.6039,41059.95372,44921.29572,31053.41463,15267.70693,5807.378761,1882.034897,619.9005105,0,0,0,0
abr-72/sep-72,0,0,0,0,0,0,0,0,0,0,2.010450923,89.35713889,252.6069878,488.0661308,960.6818565,1371.376764,1920.119607,2632.485608,3180.743144,4183.558649,4498.982629,4184.274871,3984.049941,3732.866592,3049.205445,4116.502805,9632.899519,17157.00184,17102.58823,10579.29419,3776.085905,836.1977346,135.9232207,14.17749347,7.109614137,0,0
oct-72/mar-73,0,0,0,0,0,0,0,0,0,1.031953372,2.063906744,11.33187655,60.84602786,286.7653742,810.9388555,1767.402747,2218.248707,3564.987079,4624.783581,6511.272788,7571.265396,10187.24758,10879.55102,11920.79197,7156.224035,3134.929665,1699.200571,2200.808352,1118.551608,322.4130891,91.72618685,17.52359678,2.063906744,0,0,0,0
abr-73/sep-73,0,0,0,0,0,0,0,0,0,0,0,5.14992476,9.01236833,12.8748119,7.72488714,20.59969904,55.36169117,140.3354497,224.0217271,364.3571768,683.6525119,1161.308033,1861.697801,3127.29181,4158.564244,3769.744924,1767.711674,540.7420998,278.095937,123.5981942,77.2488714,23.17466142,3.86244357,0,0,0,0
oct-73/mar-74,0,0,0,0,0,0,0,0,0,0,1.004218523,5.021092613,26.10968159,41.17295943,74.31217067,128.5399709,257.0799418,444.8688055,654.7504768,909.8219815,1316.530483,1977.306271,2338.824939,2288.614013,1573.610425,1087.56866,841.535122,854.5899628,998.1932115,1739.306481,2339.829158,1675.036496,475.9995797,41.17295943,2.008437045,0,0
abr-74/sep-74,0,0,0,0,0,0,0,0,0,0,3.11709507,25.97579225,85.84819697,268.0327661,505.0039591,1067.373416,1827.818012,2610.680943,2720.337677,2532.091596,1984.524748,2129.937403,3087.752054,5541.251451,5594.158691,5367.338984,3503.957805,2668.964797,2058.342185,3791.429931,6565.754252,6411.629354,2164.478872,309.0759992,14.99832538,0,0
oct-74/mar-75,0,0,0,0,0,0,0,0,0,0,2.012628611,4.025257222,12.04824316,30.12012886,61.23343724,130.2421766,192.0566574,379.1623704,666.5438498,1554.182253,2873.335895,5829.441544,6687.770099,8419.965886,7592.512338,9349.356082,9640.18181,10304.69445,8009.14261,6514.571045,4900.324572,5053.809849,4324.17989,2785.522726,796.5245009,163.2195943,15.0270802
abr-75/sep-75,0,0,0,0,0,0,0,0,0,0,0,0,0,1.00548807,5.021563415,12.04822603,34.1395789,90.40577228,180.8389703,273.2831444,373.6595613,767.0880216,1750.718921,3552.768668,5623.608919,8769.332122,9900.470939,8640.05799,5133.336613,2920.409107,1846.000761,1484.369836,1149.005016,828.7029279,438.9888601,146.6758836,24.1121239
oct-75/mar-76,0,0,0,0,0,0,0,0,0,0,1.005551343,12.71508753,78.75568306,479.3642624,1388.861718,4432.003983,5163.576764,7246.973349,6027.810592,6787.950814,5537.077578,4932.495293,2862.696089,1610.877066,603.8539551,270.565575,129.2056587,204.7678488,493.5962735,1175.52848,1966.262456,1788.411474,990.074102,311.1218706,58.4283913,10.87118821,4.030643513
abr-76/sep-76,0,0,0,0,0,0,0,0,0,0,2.008894724,6.025256579,113.4995121,1514.750031,6439.65457,18543.22545,24504.33488,31235.31389,24463.05899,19822.30434,12442.97092,10315.66117,7241.40363,5991.051071,4503.618213,2939.766003,1570.824849,729.1682682,452.95686,813.4940244,1484.410392,1904.217523,1261.442303,527.2864463,103.4475659,11.04856743,1.004447362
oct-76/mar-77,0,0,0,0,0,0,0,0,1.00229002,4.883518303,20.37032581,186.9061299,599.0036847,975.0791025,1309.293109,1510.840264,1332.374519,1552.499499,1493.10713,1853.31487,1943.744835,2937.684814,3531.644509,4976.270432,6038.094677,7637.542089,8091.821625,6547.157603,3103.236948,1171.225129,487.0259979,355.1711127,177.1550657,49.09242195,8.018258523,2.00458004,0
abr-77/sep-77,0,0,0,0,0,0,0,0,0,0,0,1.959588232,3.327858488,4.59141591,22.52450856,63.93064368,142.4923393,352.4872926,516.8332234,915.7202672,1260.678689,2042.236705,2201.583851,3062.640266,3567.144338,4131.090544,2393.268867,1213.364758,563.4492611,255.8466639,69.24647435,19.50586324,8.88956423,4.737289859,2.777522829,0.31733311,0
oct-77/mar-78,0,0,0,0,0,0,0,0,0.166754181,0,0,0,0,2.937669467,6.547348299,21.9646211,87.19046913,354.2487881,525.9167257,1258.339033,1136.199085,1122.599133,566.1544097,273.2132457,5.848378677,14.46867117,6.771018578,0.475299343,9.317265057,18.74736378,14.13017017,10.1310654,0,0,0,0,0
abr-78/sep-78,0,0,0,0,0,0,0,0,0,0,0,0.272814854,2.474460922,8.598951923,40.3933351,146.7907457,456.660415,824.5645918,1724.786786,3065.858298,4243.456591,5178.214253,4628.222287,3630.558667,1841.100213,822.2901806,292.7891277,113.0214634,85.68104169,42.099805,27.33028473,7.216734845,0.760450923,0,0,0,0
oct-78/mar-79,0,0,0,0,0,0,0,0,0,1.635624893,0,18.61303311,89.02621204,336.0982248,236.6872129,321.7132348,320.5796428,406.471695,488.0978862,448.6929243,496.0348963,791.0983083,1808.062182,3712.989764,4651.622833,5008.950319,3782.535481,2351.377267,1144.686001,529.9884734,183.6254161,75.4370125,11.70559064,1.25177304,0,0,0
abr-79/sep-79,0,0,0,0,0,0,0,0,0,0,0,0,2.579231043,25.70059986,165.3160353,756.3298778,1518.36539,2609.469771,3151.065011,3826.931742,3664.725622,3115.004207,2231.626334,2518.401172,3245.106474,4442.622942,4189.551223,3265.276617,1828.13279,1044.360842,497.1516782,186.4496547,31.12904138,3.916762763,0,0,0
oct-79/mar-80,0,0,0,0,0,0,0,0,0,6.690573161,29.01840836,4.435127915,0,0,0,0,0.932617223,8.967473297,43.59700569,191.4573987,370.726869,436.1135954,252.5488507,207.6107369,266.1638205,441.9598148,584.3426118,869.4360366,658.6213103,458.9644912,123.8365015,37.87619012,13.79237972,1.591014141,0,0,0
abr-80/sep-80,0,0,0,0,0,0,0,0,0,0,0,0,0,0,0,0,0.662725559,12.26544349,68.4927067,282.84238,722.2607746,1156.915513,1370.874595,1189.788298,986.7712153,701.6380421,632.3309038,750.5987514,748.7242949,374.5534353,81.9863288,6.73150301,5.070153083,0,0,0,0
oct-80/mar-81,0,0,0,0,0,0,0,0,0.064323127,0.064323127,1.926477667,1.926477667,13.61291787,13.61398992,23.43827559,23.43827559,24.08043481,24.08043481,22.08963402,22.09070607,18.49397119,18.49397119,29.77195954,29.77195954,101.1792074,101.1792074,264.6285625,264.6285625,250.3370356,250.3370356,77.87493835,77.8760104,6.414087859,6.413015807,0.064323127,0.064323127,0
abr-81/sep-81,0,0,0,0,0,0,0,0,0,0,0,0,0,0,3.60116122,1.555947265,3.63128685,2.293624032,4.865752214,20.8351431,66.8135997,299.6103062,618.2468208,856.9000617,848.4017352,704.5291055,461.8202798,384.5561858,549.5093042,684.9564808,530.4280704,169.9627232,28.54727844,3.365443644,0.039139653,0,0
oct-81/mar-82,0,0,0,0,0,0,0,0,0,0,0.030075467,0.184462862,0.481207467,0.318799947,0.43308672,0.295742089,0.318799947,0.248623858,0.134337084,0.376371862,0.379394061,3.691790694,9.903932354,22.13653054,67.40294992,80.55661071,141.5082264,427.9721215,1229.254568,2434.222699,2689.825315,1623.947162,501.5478244,80.05440213,5.060632113,0.434426433,0
abr-82/sep-82,0,0,0,0,0,0,0,0,0,0,0,0,0,0,0,0,0,0,0,0,21.2314082,75.30974791,149.1412992,314.6688897,502.5618802,620.5230238,1666.5084,2914.980198,3374.854615,3289.127745,4989.399104,5138.522953,1649.249384,376.9875674,37.41894182,0,0
oct-82/mar-83,0,0,0,0,0,0,0,0,0,0,7.760361521,12.58193386,35.16720633,52.86468015,56.25774555,39.42180589,33.31108974,27.78880127,13.51358056,14.63706073,61.20001882,105.1106692,218.1549664,232.5305424,435.2761149,448.6173033,684.1561394,722.2266314,1013.174111,968.7980582,1143.948931,1176.775804,423.6650038,301.7083357,12.84099159,6.926534567,0
abr-83/sep-83,0,0,0,0,0,0,0,0,0,0,0,0,0,0,0,0,0,0,0,0,0,0,0,0,0,0,0,0,0,0,0,0,0,0,0,0,0
oct-83/mar-84,0,0,0,0,0,0,0,0,0,0,0,0,0,0,0,0,0,0,0,0,0,0,0,0,0,0,0,0,0,0,0,0,0,0,0,0,0
abr-84/sep-84,0,0,0,0,0,0,0,0,0,0,0.325247298,1.524774505,6.46511976,7.936792665,6.066857762,3.734453398,4.424645051,8.447030397,14.5267358,14.60386803,19.32490568,13.42967827,9.092652222,11.78630198,7.161098154,40.47407843,75.24101527,69.93430066,38.22851757,11.77151694,1.5977047,0.829289104,0.263302104,0,0,0,0
oct-84/mar-85,0,0,0,0,0,0,0,0,0,0,0,0,0,0.500478487,1.083729939,4.865326767,15.10332325,24.55532954,39.28513953,124.7707137,254.5740631,501.5085321,769.6197645,859.8443858,1119.908924,649.5877263,394.1146459,265.5927255,277.1621251,202.5360542,114.421337,8.846330066,1.605264451,0.331896701,0,0,0
abr-85/sep-85,0,0,0,0,0,0,0,0,0,0,0,0,0,0,0,0,0.508079193,5.032106452,52.57760717,213.9083262,676.1186901,1296.859093,1907.173267,2267.51383,2270.883724,2238.549121,2144.239286,1639.586094,1176.659261,561.1631642,345.3338323,159.1163937,49.21728348,5.200067181,0.85887738,0.131642285,0
oct-85/mar-86,0,0,0,0,0,0,0,0,0,0,0,0,0,0,0,0,0,0,0,0,0.373867593,1.285008916,13.31317874,158.9344883,1085.530481,4801.570632,8625.633227,10734.38418,8793.362012,5082.035903,1696.489858,488.4548738,158.0669333,16.46560472,3.452986651,0,0
abr-86/sep-86,0,0,0,0,0,0,0,0,0,0,0,0,0,0,0,0,0,0,0,0,0,0.168679869,0.416320088,3.462726362,21.41882565,270.2993749,2100.187014,7611.004743,13381.90073,13286.65177,7801.549718,3216.911696,928.5958472,131.5722513,9.982784649,0.956040348,0.131301943
oct-86/mar-87,0,0,0,0,0,0,0,0,0,0,1.666490593,9.640187924,20.61904315,38.20911393,76.52006852,126.7583111,293.1924639,505.8386344,605.1466671,786.4357086,912.2536423,1070.451689,713.9915172,440.3201165,187.3953131,99.28735006,91.37728331,588.1218025,3698.129739,11183.04921,15768.4399,12150.70168,4777.307202,985.1898584,91.19015326,3.106111105,0
abr-87/sep-87,0,0,0,0,0,0,0,0,0,0,0,0.4642459,0.394420297,1.194583961,2.814504582,6.815745844,27.76642463,62.48254066,135.8228847,181.5073112,174.2232825,111.1660167,105.7572949,100.3217172,113.4754746,126.0740895,125.6867653,172.9864369,873.126054,2969.016927,5490.548869,4339.907827,1882.908131,376.8589164,38.77621268,0.762081374,0
oct-87/mar-88,0,0,0,0,0,0,0,0,0,0,1.685250754,2.806922939,6.804293212,21.22016449,45.09408739,157.311207,257.0189866,346.5606968,722.4016737,1224.108951,1172.652637,787.3218246,271.7833162,100.3585937,44.23645,41.64063029,53.47724549,88.6335222,76.40339202,130.2292699,309.7457437,349.1207773,201.0493103,62.38192901,4.641734653,0,0
abr-88/sep-88,0,0,0,0,0,0,0,0,0,0,0,0,0.294453132,9.626200105,221.5405036,1906.121038,4180.497114,5001.292583,4251.710496,4452.14306,4201.318598,5151.528368,5712.959115,6070.651999,5443.525891,5612.323703,3605.36495,1612.03371,498.9796783,155.9871942,94.07328082,66.04530445,57.26668339,23.38429764,0.584416199,0,0
oct-88/mar-89,0,0,0,0,0,0,0,0,0,0.637873145,0.346051456,3.240847757,4.352954295,35.54034458,122.5553601,361.6607021,454.3813003,461.6815136,212.7382439,70.22134695,74.5702286,301.7890571,1447.536019,4423.049135,7677.962417,14299.49717,21336.55487,22939.70076,15731.99773,6789.751597,1718.611321,284.8733107,93.33062317,29.99616234,7.240023109,0.350406056,0
abr-89/sep-89,0,0,0,0,0,0,0,0,0,0,0,0,0.542665388,14.23262918,82.56664236,423.9224395,1241.997629,1888.664408,1538.985504,1929.184364,2226.296136,2259.795153,1538.413486,2013.580569,2245.908074,4173.514469,9283.75863,16824.95901,18621.57618,12561.00846,4816.116254,1026.136355,131.056903,20.83191257,0.137861598,1.676973174,0
oct-89/mar-90,0,0,0,0,0,0,0,0.529890777,0,0.529890777,1.078661273,3.913952619,12.21387225,151.3888373,681.3803646,1342.265142,2002.659741,3336.456969,4221.786899,4913.804748,4977.437313,4513.644534,3304.250814,2693.031597,1803.760891,1580.446674,1373.00339,1582.636083,2506.803535,4753.51432,5259.014871,2979.017735,817.2328511,107.7905632,1.176835811,0,0
abr-90/sep-90,0,0,0,0,0,0,0,0,1.802500718,1.043028993,24.49195182,29.14141738,60.60581801,125.2540448,256.4038739,534.3870229,1338.357389,2567.080374,4425.51057,6821.034606,8434.858539,8632.895765,8004.844796,6742.392966,5378.075535,4933.460247,3609.906674,2834.903112,2722.188587,3752.878715,4570.625989,3436.891739,1309.772205,237.3767118,23.5795294,0.954888747,0
oct-90/mar-91,0,0,0,0,0,0,0,0,0,0,0.336366215,0,21.86738421,133.9303063,231.4828947,507.059482,1060.674277,2053.956122,3497.277372,4779.198726,6520.841152,6798.108801,8303.922304,9245.219596,7277.939059,4322.642405,2291.836139,1617.319751,1412.846428,1115.962024,780.5191727,504.5271487,157.7062841,32.2288061,6.219622831,0.058755349,0
abr-91/sep-91,0,0,0,0,0,0,0,0,0,0,1.182224923,0,6.784390529,22.09144319,50.22251689,132.1451358,326.0999982,553.0772811,1461.549687,2067.601483,4085.066808,4737.372632,6833.239892,8697.567598,11899.10805,15146.24551,12495.03028,6372.114984,2486.173608,1167.059689,627.3609723,237.192489,41.80675545,17.44685626,4.698667926,0,0
oct-91/mar-92,0,0,0,0,0,0,0,0,16.8677429,35.06000313,222.3130011,524.300485,1230.594016,2262.200309,3480.978459,5062.36708,6995.742089,8340.596472,8962.084904,9356.580979,9544.139081,7828.569043,6744.844921,4831.674185,3505.123591,3619.365595,5190.083585,7611.384614,5018.382896,1861.80796,561.1690604,158.8669531,32.58506662,9.303380113,0.056987133,0,0
abr-92/sep-92,0,0,0,0,0,0,0,0,0,0,1.468390387,25.07100103,215.8381519,795.8496614,2723.030941,8497.787975,14903.19013,21225.53112,24804.97716,25013.53398,22581.27823,17935.11486,12903.21823,8414.229424,5510.492171,3120.074974,1343.307887,984.1508772,545.3730109,292.8745285,54.28580581,21.8901411,0,0,0,0,0
oct-92/mar-93,0,0,0,0,0,0,0,0,3.90729471,39.14315632,229.3822842,645.5781165,1319.548467,2365.827568,3907.279301,5408.818435,7713.125833,10082.118,13531.25756,17055.584,21270.86081,20380.63547,17744.03103,15653.96321,16439.48533,23858.63383,28113.44043,19107.50942,6657.978577,1338.027944,163.0187121,44.66836055,9.295096338,1.329761282,0,0,0
abr-93/sep-93,0,0,0,0,0,0,0,0,0,0,1.594269589,8.260615312,37.57929324,236.56786,390.4110458,850.8124862,901.421709,1059.416981,1737.15494,3557.661553,5841.837122,10298.762,15288.22666,19742.74882,19049.55988,15822.93531,16022.24846,13526.54444,3542.108351,401.0982106,8.485277983,0,0,0,0,0,0
oct-93/mar-94,0,0,0,0,0,0,0,8.725055014,17.44904091,117.6601553,168.5156367,438.4125931,790.5588804,2011.008416,3902.801837,8407.699174,12573.44583,22256.58816,21712.07296,23634.77462,26581.57976,27708.08661,26267.17019,20270.78656,12946.33525,10448.57511,12140.72935,14458.36263,9383.857891,3565.370928,597.2606668,36.72639598,0.482976493,0,0,0,0
abr-94/sep-94,0,0,0,0,0,0,0,0,0,0,0,0.229401992,25.15013906,53.24686665,182.9391043,647.1937425,1912.541785,4506.088687,6441.807225,8411.056075,11851.14405,18363.73463,26937.97554,33774.5797,37252.83039,34794.6751,21263.34111,13415.56337,7199.503387,3429.887262,915.3329179,93.07095591,2.008131329,0,0,0,0
oct-94/mar-95,0,0,0,0,0,0,0,0.658354465,1.837477599,4.869508515,3.208192169,21.51996158,209.3451473,444.2413914,1034.890567,1655.813572,1864.272371,1392.846647,1821.503851,1330.789833,1102.372263,1557.885115,2580.390466,4967.112538,9975.965869,24454.89925,41572.3068,50746.73968,26387.33746,8488.859066,1584.332449,115.7897731,4.625312717,0,0,0,0
abr-95/sep-95,0,0,0,0,0,0,0.058295704,0,0.440804669,38.94066835,24.5245009,148.1437573,436.3024361,834.7853643,999.569804,1300.976245,1165.493069,1354.062151,1745.842707,1615.908174,1528.718423,1443.657016,1716.188009,2785.666851,4441.082431,7000.723868,10373.51969,15776.44505,16281.91255,13656.94676,7458.737516,2188.289163,297.5063585,24.20322132,1.71714408,0,0
oct-95/mar-96,0,0,0,0,0,0,0,0,0,0,1.675512395,8.636797796,48.41931549,122.273389,360.6788319,669.569131,965.9725339,1857.158872,2667.284109,4593.4059,6846.915093,8235.737031,6772.94479,6719.144928,8602.019966,11868.53357,12348.21305,12205.86903,9186.500457,6592.453219,3758.617753,1772.038763,550.5637312,94.3410634,12.63624582,0.566043288,0
abr-96/sep-96,0,0,0,0,0,0,0,0.079147216,0,0,0.024225143,0.015799006,0.120072446,0.168018819,0.906964337,1.809123912,12.17658319,48.07028812,144.2811015,306.7830316,971.786094,2915.122768,6583.925665,13730.51488,18772.49915,24237.59734,22088.52775,17087.21727,10425.9768,7605.773916,5179.980862,3286.833734,1311.69944,437.809606,61.79121982,6.42698233,0.641870019
oct-96/mar-97,0,0,0,0,0,0,0,0,0,0.010322923,0.066702838,0.150993732,1.894473591,5.022880616,16.99258707,64.70523622,170.8801504,345.2811482,695.8852109,1244.46635,2243.712695,5564.823618,11226.04299,19285.8047,22505.2918,22058.08746,11563.09693,6656.222971,9301.128554,14134.76038,9466.689225,4358.389041,1459.240989,483.7927563,104.8129132,18.13149875,0.164637542
abr-97/sep-97,0,0,0,0,0,0,0.681790401,0.050394284,0.03206909,0.007538223,0.189132191,1.031951753,2.663505508,4.35912197,7.305523288,8.858666053,14.97218895,17.06681887,23.41921169,48.81999044,76.06725429,128.4868109,277.1605363,1059.087443,4763.594855,16273.47316,29400.50629,31319.04325,18122.65495,9732.688024,7128.066573,4303.691816,1525.625892,457.255473,107.1962454,12.38469528,1.035812656
oct-97/mar-98,0,0,0,0,0,0,0,0.051725357,0,0,0.078564901,1.234587901,2.374886633,4.715072521,6.535506966,6.831980457,4.199016372,2.026061831,0.968206468,4.301579356,15.27848821,57.88792414,188.2833556,419.4853058,550.0599213,1244.612151,3209.056422,5925.531038,5453.230141,2771.19236,811.5852182,266.8836561,64.30177658,8.219716875,1.204678018,0.283577564,0
abr-98/sep-98,0,0,0,0,0,0,0,0,0.077301955,0.168744511,0.091442556,0.245103759,0.329947368,0.596733383,1.164242856,3.633191876,2.192666194,2.118769525,2.786940934,7.172392839,34.8250271,139.9830508,492.5052313,1120.953102,1538.710256,1075.999211,269.9078248,78.71470334,38.99563536,12.42233875,1.737082567,0.042569641,0,0,0,0,0
oct-98/mar-99,0,0,0,0,0,0,0,0.015592892,0.049897254,0.166324179,6.469515283,10.60793852,20.48701815,67.85254253,110.0824422,179.7057935,319.0071042,534.5996458,723.3619324,1140.963735,1590.216108,2747.953254,3358.451748,3599.081988,2422.837939,2382.339313,2125.744885,1004.226895,235.7104303,45.00182593,5.875390036,3.067288667,0.182760201,0.142391482,0,0,0
abr-99/sep-99,0,0,0,0,0,0,0,0.41677112,0.982695915,1.567495612,3.525109712,10.60567498,15.20905433,20.55411158,25.08700864,28.12110948,69.49053436,234.5734966,659.7602747,1355.490475,2669.471577,5234.059824,8027.536186,12742.07263,15401.20393,19200.3584,19231.23883,16832.19827,11525.74004,4934.784513,1259.963634,152.9832317,1.770127392,0,0,0,0
oct-99/mar-00,0,0,0,0,0,0,0,0,0,0.394211077,0.230052799,14.58260325,45.14286737,173.1199332,433.8945888,1081.889245,2210.619015,4386.967221,8061.643377,13818.60965,21024.96633,30466.57537,32095.90672,38296.95313,38305.45336,37681.44598,23074.49287,14227.8375,7820.461634,4879.462135,2095.448579,620.8556929,85.40374472,3.16921735,0.269287363,0,0
abr-00/sep-00,0,0,0,0,0,0,0,0,0,0,0.055378287,0,0.199925002,0.055378287,0,0,0.012498261,0.293228427,2.360343672,10.63508429,63.21431323,248.2396769,667.9463288,2896.291658,9850.095531,26217.33976,42246.64573,42387.80546,24524.17044,13596.45854,6292.671338,2407.561831,461.1530123,50.80092431,1.42594871,0.120142724,0
oct-00/mar-01,0,0,0,0,0,0,0.018649133,0.041224399,1.002494348,7.767932368,30.86677181,73.41788485,245.4073388,452.7318918,889.2598739,1770.817754,2691.896321,4722.376586,6687.838115,10173.54854,11616.34889,12463.64521,10835.55063,11008.8682,9136.356068,7123.524162,5426.219839,9333.057612,19276.3522,21790.88709,11441.2646,3774.375922,695.5336606,67.60993404,2.830775181,0.137777629,0.13079402
abr-01/sep-01,0,0,0,0,0,0,0,0,0,0,0.098795573,0.020925081,0.094162864,0.560243192,0.95019837,4.728284245,27.44769795,284.6155207,1364.116617,4773.394251,11159.89315,19416.66452,25756.20161,33010.81233,33205.30936,29668.05429,20877.03798,12028.10397,5965.96033,3824.37545,3049.563232,1432.084596,373.5339233,48.44417985,2.853886782,0.237871846,0.008803566
oct-01/mar-02,0,0,0,0,0,0,0,0.121920228,0.181157827,0.570726254,8.295994436,61.00118171,268.0791525,990.5233486,2510.241881,5661.162197,7385.935915,9692.099448,8191.435888,7373.229159,5663.238323,4913.670366,3340.396686,3212.742379,4247.547346,4898.14928,4747.778876,4599.17823,3393.05748,1722.133883,667.6696016,249.805187,66.81854697,12.2766384,0.320828747,0.016789896,0
abr-02/sep-02,0,0,0,0,0,0,0,0,0,0.227037924,5.33801798,16.89227146,89.32206828,201.7044475,1156.63689,5869.076681,16097.31828,27876.10435,37302.13101,40633.47962,44877.59679,43842.2605,36374.44049,25953.22869,16867.87253,10465.64173,5232.882558,2306.835888,1322.494653,682.6949545,223.1923971,37.06092723,3.332599257,0.487484992,0.002755367,0,0
oct-02/mar-03,0,0,0,0,0,0,0,0,0,0,0,0,0,0,0.051626837,0.012202707,0.155399881,8.879063501,198.2726391,805.9275989,3469.769151,5961.621656,14666.0004,26554.40095,26032.86149,16376.48357,7044.484491,2420.363681,654.8731149,150.3394792,32.22251337,4.404800765,0.295300994,0.004664562,0,0,0
abr-03/sep-03,0,0,0,0,0,0,0.03501629,0.06302102,0.118297792,0.607947685,1.394310091,3.156373977,19.97040526,93.25965389,236.2319005,549.1354519,1424.48771,3250.388423,6807.055178,10831.39583,14818.94883,16248.47125,15413.0788,14550.75302,17488.87804,25622.34808,24388.52647,12550.18328,4037.9758,837.8763777,104.9976086,7.08917593,1.302845265,1.663300164,0,0,0
oct-03/mar-04,0,0,0,0,0,0,0,0.034670427,5.627793126,8.87227402,46.28619551,190.4652873,326.525989,514.1313827,553.0625204,633.4423934,1189.564226,2940.850674,6022.395452,9858.055383,13782.91506,18860.05831,22153.12656,18269.69812,14017.30051,12142.19815,7691.025375,3167.660271,934.6759426,205.4221758,33.93881745,3.058174604,0.068698968,0,0,0,0
abr-04/sep-04,0,0,0,0,0,0,0,0.780950568,1.802193618,4.100102129,12.10128524,32.23766127,143.7745034,473.1304643,1347.908134,2661.545869,5505.061447,10141.21391,20382.85045,32296.48635,47586.39305,54207.10094,57308.12073,46351.44174,34384.85974,20923.82425,11172.33129,4493.793002,1422.968145,246.9458992,26.81719626,2.370850055,0.166756554,0.111494208,0,0,0
oct-04/mar-05,0,0,0,0,0,0,0,0,0,0,0.178693872,0.877585461,1.548680225,1.957710991,3.171054262,4.315745525,15.26853132,41.20109827,82.33366496,87.40420326,52.6535546,104.4555762,838.4850735,4129.031828,15070.38106,27798.97237,31058.48599,19059.21278,8087.529939,2141.975789,245.8619656,7.35915849,0.207554307,0,0.027796825,0,0
abr-05/sep-05,0,0,0,0,0,0,0,0,0.600585402,6.133769962,23.28796433,113.5376771,482.0425384,1336.422184,3458.871442,6263.465574,13109.08344,21989.20481,36255.53734,43980.18257,49613.7658,44987.72487,37032.16992,27838.24291,21235.04495,15532.96816,12382.61893,9984.734687,6198.607182,2087.365345,386.8768894,26.32466289,1.141829078,0.129294714,0,0,0
oct-05/mar-06,0,0,0,0,0,0,0,0,0,0,0,0.077752176,0.202355023,4.300448129,41.42718856,97.82089189,203.0136588,358.2018717,792.4943039,1530.740096,4750.232591,14384.50002,29028.69918,28271.45733,28519.79757,27019.80791,16850.18206,7443.269428,3096.332597,1067.950262,235.4222489,21.57615457,0.653186593,0,0,0,0
abr-06/sep-06,0,0,0,0,0,0,0.029556309,0.206894162,0.049578325,1.218482668,6.45280962,22.08381046,63.47083413,149.2237437,298.2068645,459.7048229,645.6335667,888.6387299,1588.151743,2636.648119,4103.017271,6361.888734,9098.251083,12152.20268,18190.34113,25218.17988,22842.83387,13387.70243,5462.947482,1497.861752,284.5696816,21.76892763,0.812323686,0,0.658016977,0,0
oct-06/mar-07,0,0,0,0,0,0,0,0,0,0,0,0,0,0.272878746,0.342378971,0.767555373,1.422499064,3.122555947,9.026666952,30.07375982,347.7150816,1895.91854,6606.949231,15304.4866,22072.98991,19387.1817,14433.69314,9156.597711,4350.367623,1373.256924,278.6099854,28.39162042,0.121624594,0,0,0,0
abr-07/sep-07,0,0,0,0,0,0,0,0,0,0,2.59222709,16.09333191,78.27869047,188.6302554,348.216598,526.981894,957.3751273,1383.421318,2086.228642,3524.135253,6980.124118,11164.17306,15288.49531,18562.86177,20093.18896,18649.38138,18138.24222,16662.603,10553.24551,3069.705124,511.3578193,35.95752402,2.540360872,0.313726356,0,0,0
oct-07/mar-08,0,0,0,0,0,0,0,0,0,0,0.08759777,0.093962728,0.923775357,0.967907147,2.572094986,8.383578189,68.60374097,288.4874091,787.966948,1249.473828,1900.293355,2410.102595,3874.659552,6980.97118,12109.38719,18860.46724,20756.88742,14189.68009,7288.122683,2676.0901,555.3652625,48.48014917,1.044301669,0,0,0,0
abr-08/sep-08,0,0,0,0,0,0,0,0,0.002702652,0.01124487,0.847761095,2.891552378,15.47125668,42.3749626,138.9730265,280.4272502,498.9066676,1275.033561,3574.413169,7514.70876,14008.71546,17940.72261,20161.1258,20623.48333,18554.13945,16391.48012,16485.52401,14678.3237,9854.018852,3699.976127,810.1239223,80.0436532,4.398736045,0.077465361,0,0,0.119817593
oct-08/mar-09,0,0,0,0,0,0,0,0,0,0,0,0,0.071255532,0.43072374,0.79870007,4.521345427,31.63984025,121.393806,401.7658279,963.3872296,2266.549587,4673.808963,7533.509958,11964.67929,17849.83893,22030.68531,17085.21336,9063.980051,4636.140626,1994.947299,592.8325827,69.36883624,2.716295085,0.292206717,0,0,0
abr-09/sep-09,0,0,0,0,0,0,0,0,0.0090511,0.283601119,0.918183765,4.263599505,5.59835916,19.7522583,72.05946794,189.1242939,662.925894,1327.534115,2324.38724,4384.191163,8852.832026,15412.08377,20392.31748,22955.1296,22900.46459,22064.93342,20179.95347,17389.60726,9958.760676,3437.77309,848.2617015,126.0899312,8.642652541,0.509424675,0.077437185,0.098016685,0.0653539
oct-09/mar-10,0,0,0,0,0,0,0,0.053270376,0.367960193,0.994380361,1.409691999,1.305124223,2.08543659,3.314737766,5.632789287,9.650783753,13.94457698,15.04457351,40.13729539,113.0973249,490.6661013,1878.431012,6126.224762,14674.74925,23219.47089,24374.64153,13892.53953,6057.478903,2370.210782,730.2811235,133.2814151,9.080862373,0.447876752,0.117229485,0,0,0
abr-10/sep-10,0,0,0,0,0,0,0,0,0,0,0.147967684,1.039719592,10.98754904,35.53365438,69.78108943,192.3623429,479.9064774,1471.587135,3446.79099,7284.495767,11815.63822,18447.37337,21617.633,23881.63046,18197.02947,13389.68631,9939.29426,7800.638522,3514.066285,745.667513,78.47551474,8.453890704,2.031289338,0,0,0,0
oct-10/mar-11,0,0,0,0,0,0,0,0,0.948863154,1.003536308,2.600002391,12.46598755,66.87452987,185.5516001,474.0031178,918.5752369,1311.889435,1946.31156,2723.332393,4217.818442,5129.899929,6351.352607,6733.030948,6551.012357,5212.890739,4145.688343,2381.961545,1306.379114,690.1029416,275.1284253,65.82516004,6.56258893,0.526384635,0,0,0,0
abr-11/sep-11,0,0,0,0,0,0,0,0,0,0,0.12253502,2.222433822,6.195860087,18.32606538,81.62478456,344.81455,950.3698402,2455.94228,6081.248024,15556.77716,27553.98638,42816.16272,47749.4805,44034.09174,29431.5453,15074.7274,5234.31788,1739.612313,605.896242,183.030825,45.29169982,4.599550201,0,0,0,0,0
oct-11/mar-12,0,0,0,0,0,0,0,0,0,0,0,0,0,0.180789458,0.375822934,0.142440179,0.022568491,1.027701394,6.377652162,36.19521095,396.8374341,3011.403997,8971.846209,20879.35926,25786.27978,28147.45072,20522.79618,8661.198553,2011.060071,221.2990425,8.473885521,0.50906412,0,0,0,0,0
abr-12/sep-12,0,0,0,0,0,0,0,0,0,0,0,0.2507547,1.614021929,10.10326982,35.93784006,125.684786,283.2160484,576.4438953,1043.315765,2857.186261,4760.536758,8438.411813,8301.384265,11817.68691,18124.93232,28144.51162,24762.55725,12661.52278,4354.494849,815.7905437,58.04613727,1.511700308,0.198248834,0.205827816,0,0,0
oct-12/mar-13,0,0,0,0,0,0,0,0,0,0.250177722,0,0.060912837,0.304222411,1.978579465,18.66511613,51.5676744,123.9901735,386.3597228,990.1081,1676.514075,1795.581381,2361.133173,4081.473896,7004.187474,7533.562819,6921.752935,4222.561939,2168.218273,864.7280481,237.2407247,16.87231331,0.495526045,0.531899592,0,0,0,0
abr-13/sep-13,0,0,0,0,0,0,0,0,0,0.204848469,0.48094858,1.614173538,7.315087938,18.01923625,36.98661874,81.3925734,199.1425612,435.2695304,1069.2495,2395.760855,6319.657118,15363.81829,26111.66369,30255.11096,22816.70571,11665.17776,3832.202957,1055.252668,286.6418791,43.92088744,4.757007413,0.776737127,0.201537758,0,0,0,0
oct-13/mar-14,0,0,0,0,0,0,0,0,0.086304404,0,0,0,0,0,0,1.473370053,6.297024395,21.7306791,40.37293221,57.27755088,55.3036945,101.0271984,828.2272709,5343.49594,22158.39624,38005.18864,27452.44452,10999.06109,2445.175617,309.8525562,15.82794708,0.799824701,0,0,0,0,0
abr-14/sep-14,0,0,0,0,0,0,0,0,0,0,2.420582213,2.52850226,9.997612117,39.26095141,99.94435856,239.1293392,513.2419203,934.2694917,1708.305029,3392.637584,7725.148257,14284.25853,17418.10729,17906.82381,13179.22437,8202.791902,5300.964141,3882.402525,2184.511274,671.8775054,109.9904311,6.426727872,0.079372691,0,0,0,0
oct-14/mar-15,0,0,0,0,0,0,0,0,0,0,0,0,0,0,0,0,0,0,0,0,0,0,0,0,0,0,0,0,0,0,0,0,0,0,0,0,0
abr-15/sep-15,0,0,0,0,0,0,0,0,0.002396513,0.007478722,1.056230883,4.429232618,36.49752007,139.1970557,586.2599282,1158.243004,2286.176265,4564.824115,8345.995331,14013.64384,21531.48629,30223.63802,31068.89129,26112.55246,17566.67645,10080.52558,3698.987983,1219.973368,439.9424673,202.9853189,58.10391547,10.02370225,1.157699028,0.180039994,0,0,0
oct-15/mar-16,0,0,0,0,0,0,0,0,0.803750916,2.830615174,6.275516882,19.02589646,55.41699291,154.6556378,360.3715489,623.7553571,1129.113315,1854.834886,3480.475981,7570.749411,12585.42388,14934.68219,13530.65252,10906.22177,6968.590309,4591.299169,2183.439537,895.9869315,229.8482094,34.46289172,1.342765553,0,0,0,0,0,0
abr-16/sep-16,0,0,0,0,0,0,0,0,0,0,0.074463363,0.209109445,0.999645152,2.3511614,13.83253108,55.54303125,132.1037201,285.9579451,582.6071751,1145.690261,2537.710858,5836.955829,9931.627093,12168.76201,10825.17428,6874.152993,2869.58903,982.3189659,204.5238511,31.91039463,2.70148512,0.302014257,0,0,0,0,0
oct-16/mar-17,0,0,0,0,0,0,0,0,2.365345573,2.403462154,1.32077068,24.8533327,181.4777244,782.7943617,2517.234622,4277.695261,5164.659584,6272.339696,8119.178728,10273.06524,13116.08368,17961.89781,20506.43052,19322.68557,12989.82701,7437.432717,3595.067178,1480.883535,452.4949626,73.44968965,6.160299293,0,0.004235176,0,0,0,0
